AustralianPort,ForeignPort,Country
Adelaide,Abu Dhabi,United Arab Emirates
Adelaide,Amsterdam,Netherlands
Adelaide,Anchorage,USA
Adelaide,Astana,Kazakhstan
Adelaide,Athens,Greece
Adelaide,Atlanta,USA
Adelaide,Auckland,New Zealand
Adelaide,Auckland,New..Zealand
Adelaide,Bahrain,Bahrain
Adelaide,Bangkok,Thailand
Adelaide,Beijing,China
Adelaide,Belgrade,Yugoslavia
Adelaide,Bombay,India
Adelaide,Buenos Aires,Argentina
Adelaide,Chicago,USA
Adelaide,Christchurch,New Zealand
Adelaide,Copenhagen,Denmark
Adelaide,DRESDEN,Germany
Adelaide,Denpasar,Indonesia
Adelaide,Doha,Qatar
Adelaide,Dubai,United Arab Emirates
Adelaide,Frankfurt,Germany
Adelaide,Fukuoka,Japan
Adelaide,Guangzhou,China
Adelaide,Harare,Zimbabwe
Adelaide,Ho Chi Minh City,Vietnam
Adelaide,Hong Kong,Hong Kong
Adelaide,Hong Kong,Hong Kong (SAR)
Adelaide,Honiara,Solomon Islands
Adelaide,Honolulu,USA
Adelaide,Jakarta,Indonesia
Adelaide,Johannesburg,South Africa
Adelaide,Kuala Lumpur,Malaysia
Adelaide,Larnaca,Cyprus
Adelaide,London,UK
Adelaide,Los Angeles,USA
Adelaide,Malta,Malta
Adelaide,Manchester,UK
Adelaide,Manila,Philippines
Adelaide,Muscat,Oman
Adelaide,Nadi,Fiji
Adelaide,Nagoya,Japan
Adelaide,New Delhi,India
Adelaide,New York,USA
Adelaide,Noumea,New Caledonia
Adelaide,Osaka,Japan
Adelaide,Oshkosk,USA
Adelaide,Papeete,Tahiti
Adelaide,Paris,France
Adelaide,Penang,Malaysia
Adelaide,Port Moresby,Papua New Guinea
Adelaide,Port Vila,Vanuatu
Adelaide,Qingdao,China
Adelaide,Queenstown,New Zealand
Adelaide,Rome,Italy
Adelaide,San Francisco,USA
Adelaide,Santiago,Chile
Adelaide,Sapporo,Japan
Adelaide,Seoul,Korea
Adelaide,Shanghai,China
Adelaide,Singapore,Singapore
Adelaide,Surabaya,Indonesia
Adelaide,Suva,Fiji
Adelaide,Taipei,Taiwan
Adelaide,Tokyo,Japan
Adelaide,Toledo,USA
Adelaide,Toronto,Canada
Adelaide,Vancouver,Canada
Adelaide,Wellington,New Zealand
Adelaide,Zagreb,Yugoslavia
Adelaide,Zurich,Switzerland
Brisbane,Abu Dhabi,United Arab Emirates
Brisbane,Amsterdam,Netherlands
Brisbane,Anchorage,USA
Brisbane,Apia,Western Samoa
Brisbane,Athens,Greece
Brisbane,Atlanta,USA
Brisbane,Auckland,New Zealand
Brisbane,Bahrain,Bahrain
Brisbane,Bandar Seri Begawan,Brunei
Brisbane,Bangkok,Thailand
Brisbane,Beijing,China
Brisbane,Belgrade,Yugoslavia
Brisbane,Belo Horizonte,Brazil
Brisbane,Bombay,India
Brisbane,Brussels,Belgium
Brisbane,Buenos Aires,Argentina
Brisbane,Calgary,Canada
Brisbane,Cebu,Philippines
Brisbane,Chicago,USA
Brisbane,Christchurch,New Zealand
Brisbane,Cleveland,USA
Brisbane,Colombo,Sri Lanka
Brisbane,Dallas,USA
Brisbane,Denpasar,Indonesia
Brisbane,Denver,USA
Brisbane,Dili,East Timor
Brisbane,Doha,Qatar
Brisbane,Dubai,United Arab Emirates
Brisbane,Dunedin,New Zealand
Brisbane,Easter Island,Chile
Brisbane,Espiritu Santo,Vanuatu
Brisbane,Frankfurt,Germany
Brisbane,Fukuoka,Japan
Brisbane,Gimhae,Korea
Brisbane,Glasgow,UK
Brisbane,Guam,Guam
Brisbane,Guangzhou,China
Brisbane,Hamilton,New Zealand
Brisbane,Harare,Zimbabwe
Brisbane,Ho Chi Minh City,Vietnam
Brisbane,Hong Kong,Hong Kong
Brisbane,Hong Kong,Hong Kong (SAR)
Brisbane,Honiara,Solomon Islands
Brisbane,Honolulu,USA
Brisbane,Indianapolis,USA
Brisbane,Jakarta,Indonesia
Brisbane,Johannesburg,South Africa
Brisbane,Kota Kinabalu,Malaysia
Brisbane,Kuala Lumpur,Malaysia
Brisbane,Larnaca,Cyprus
Brisbane,Lima,Peru
Brisbane,London,UK
Brisbane,Los Angeles,USA
Brisbane,Majuro,Marshall Islands
Brisbane,Malta,Malta
Brisbane,Manchester,UK
Brisbane,Manila,Philippines
Brisbane,Medan,Indonesia
Brisbane,Munda,Solomon Islands
Brisbane,Muscat,Oman
Brisbane,Nadi,Fiji
Brisbane,Nagoya,Japan
Brisbane,Nauru,Nauru
Brisbane,New Delhi,India
Brisbane,New York,USA
Brisbane,Noumea,New Caledonia
Brisbane,Osaka,Japan
Brisbane,Oshkosk,USA
Brisbane,Pago Pago,American Samoa
Brisbane,Palau,Palau
Brisbane,Palmerston,New Zealand
Brisbane,Papeete,Tahiti
Brisbane,Paris,France
Brisbane,Phuket,Thailand
Brisbane,Port Moresby,Papua New Guinea
Brisbane,Port Vila,Vanuatu
Brisbane,Queenstown,New Zealand
Brisbane,Rarotonga,Cook Islands
Brisbane,Rome,Italy
Brisbane,San Francisco,USA
Brisbane,Santiago,Chile
Brisbane,Sapporo,Japan
Brisbane,Seattle,USA
Brisbane,Sendai,Japan
Brisbane,Seoul,Korea
Brisbane,Shanghai,China
Brisbane,Shenzhen,China
Brisbane,Singapore,Singapore
Brisbane,Suva,Fiji
Brisbane,Taipei,Taiwan
Brisbane,Tarawa,Kiribati
Brisbane,Tokyo,Japan
Brisbane,Toledo,USA
Brisbane,Tongatapu,Tonga
Brisbane,Toronto,Canada
Brisbane,Vancouver,Canada
Brisbane,Washington,USA
Brisbane,Wellington,New Zealand
Brisbane,Zagreb,Yugoslavia
Brisbane,Zurich,Switzerland
Broome,Denpasar,Indonesia
Broome,Jakarta,Indonesia
Broome,Singapore,Singapore
Cairns,Alotau,Papua New Guinea
Cairns,Amsterdam,Netherlands
Cairns,Athens,Greece
Cairns,Atlanta,USA
Cairns,Auckland,New Zealand
Cairns,Bahrain,Bahrain
Cairns,Bangkok,Thailand
Cairns,Beijing,China
Cairns,Belgrade,Yugoslavia
Cairns,Bombay,India
Cairns,Buenos Aires,Argentina
Cairns,Chicago,USA
Cairns,Christchurch,New Zealand
Cairns,Daru,Papua New Guinea
Cairns,Denpasar,Indonesia
Cairns,Dili,East Timor
Cairns,Frankfurt,Germany
Cairns,Fukuoka,Japan
Cairns,Guam,Guam
Cairns,Guangzhou,China
Cairns,Harare,Zimbabwe
Cairns,Ho Chi Minh City,Vietnam
Cairns,Hong Kong,Hong Kong
Cairns,Hong Kong,Hong Kong (SAR)
Cairns,Honiara,Solomon Islands
Cairns,Honolulu,USA
Cairns,Jakarta,Indonesia
Cairns,Johannesburg,South Africa
Cairns,Kieta,Papua New Guinea
Cairns,Kota Kinabalu,Malaysia
Cairns,Kuala Lumpur,Malaysia
Cairns,Lae,Papua New Guinea
Cairns,Larnaca,Cyprus
Cairns,London,UK
Cairns,Los Angeles,USA
Cairns,Manchester,UK
Cairns,Manila,Philippines
Cairns,Mount Hagen,Papua New Guinea
Cairns,Nadi,Fiji
Cairns,Nagoya,Japan
Cairns,New York,USA
Cairns,Noumea,New Caledonia
Cairns,Osaka,Japan
Cairns,Papeete,Tahiti
Cairns,Paris,France
Cairns,Port Moresby,Papua New Guinea
Cairns,Port Vila,Vanuatu
Cairns,Queenstown,New Zealand
Cairns,Rabaul,Papua New Guinea
Cairns,Rome,Italy
Cairns,San Francisco,USA
Cairns,Santiago,Chile
Cairns,Sapporo,Japan
Cairns,Seattle,USA
Cairns,Seoul,Korea
Cairns,Shanghai,China
Cairns,Shenzhen,China
Cairns,Singapore,Singapore
Cairns,Suva,Fiji
Cairns,Taipei,Taiwan
Cairns,Tokyo,Japan
Cairns,Toledo,USA
Cairns,Toronto,Canada
Cairns,Vancouver,Canada
Cairns,Wellington,New Zealand
Cairns,Zurich,Switzerland
Canberra,Denpasar,Indonesia
Canberra,Doha,Qatar
Canberra,Nadi,Fiji
Canberra,Singapore,Singapore
Canberra,Wellington,New Zealand
Christmas Island,Denpasar,Indonesia
Christmas Island,Jakarta,Indonesia
Christmas Island,Mataram,Indonesia
Christmas Island,Singapore,Singapore
Christmas Island,Surabaya,Indonesia
Darwin,Ambon,Indonesia
Darwin,Amsterdam,Netherlands
Darwin,Anchorage,USA
Darwin,Athens,Greece
Darwin,Atlanta,USA
Darwin,Auckland,New Zealand
Darwin,Bahrain,Bahrain
Darwin,Bandar Seri Begawan,Brunei
Darwin,Bangkok,Thailand
Darwin,Belgrade,Yugoslavia
Darwin,Bombay,India
Darwin,Buenos Aires,Argentina
Darwin,Chengdu,China
Darwin,Chicago,USA
Darwin,Chongqing,China
Darwin,Christchurch,New Zealand
Darwin,Copenhagen,Denmark
Darwin,Denpasar,Indonesia
Darwin,Dili,East Timor
Darwin,Dubai,United Arab Emirates
Darwin,Frankfurt,Germany
Darwin,Fukuoka,Japan
Darwin,Hanoi,Vietnam
Darwin,Harare,Zimbabwe
Darwin,Ho Chi Minh City,Vietnam
Darwin,Hohhot,China
Darwin,Hong Kong,Hong Kong
Darwin,Hong Kong,Hong Kong (SAR)
Darwin,Honolulu,USA
Darwin,Jakarta,Indonesia
Darwin,Johannesburg,South Africa
Darwin,Kuala Lumpur,Malaysia
Darwin,Kupang,Indonesia
Darwin,Lanzhou,China
Darwin,Larnaca,Cyprus
Darwin,London,UK
Darwin,Los Angeles,USA
Darwin,Louisville,USA
Darwin,Manchester,UK
Darwin,Manila,Philippines
Darwin,Mataram,Indonesia
Darwin,Nadi,Fiji
Darwin,Nagoya,Japan
Darwin,Nanjing,China
Darwin,New Delhi,India
Darwin,New York,USA
Darwin,Ningbo,China
Darwin,Noumea,New Caledonia
Darwin,Osaka,Japan
Darwin,Papeete,Tahiti
Darwin,Paris,France
Darwin,Port Moresby,Papua New Guinea
Darwin,Rome,Italy
Darwin,San Francisco,USA
Darwin,Sapporo,Japan
Darwin,Seoul,Korea
Darwin,Shanghai,China
Darwin,Sharjah,United Arab Emirates
Darwin,Shenzhen,China
Darwin,Singapore,Singapore
Darwin,Surabaya,Indonesia
Darwin,Taipei,Taiwan
Darwin,Tianjin,China
Darwin,Tokyo,Japan
Darwin,Toronto,Canada
Darwin,Vancouver,Canada
Darwin,Wellington,New Zealand
Darwin,Zagreb,Yugoslavia
Darwin,Zhengzhou,China
Darwin,Zurich,Switzerland
Gold Coast,Auckland,New Zealand
Gold Coast,Christchurch,New Zealand
Gold Coast,Denpasar,Indonesia
Gold Coast,Dunedin,New Zealand
Gold Coast,Fukuoka,Japan
Gold Coast,Guam,Guam
Gold Coast,Hamilton,New Zealand
Gold Coast,Hong Kong,Hong Kong
Gold Coast,Hong Kong,Hong Kong (SAR)
Gold Coast,Kuala Lumpur,Malaysia
Gold Coast,Nadi,Fiji
Gold Coast,Nagoya,Japan
Gold Coast,Noumea,New Caledonia
Gold Coast,Osaka,Japan
Gold Coast,Palmerston,New Zealand
Gold Coast,Queenstown,New Zealand
Gold Coast,Seoul,Korea
Gold Coast,Singapore,Singapore
Gold Coast,Taipei,Taiwan
Gold Coast,Tokyo,Japan
Gold Coast,Wellington,New Zealand
Gold Coast,Wuhan,China
Hobart,Auckland,New Zealand
Hobart,Christchurch,New Zealand
Hobart,Denpasar,Indonesia
Hobart,Frankfurt,Germany
Hobart,Hong Kong,Hong Kong
Hobart,Hong Kong,Hong Kong (SAR)
Hobart,Honolulu,USA
Hobart,London,UK
Hobart,Los Angeles,USA
Hobart,Manila,Philippines
Hobart,Nadi,Fiji
Hobart,San Francisco,USA
Hobart,Singapore,Singapore
Hobart,Tokyo,Japan
Melbourne,Abu Dhabi,United Arab Emirates
Melbourne,Abuja,Nigeria
Melbourne,Almaty,Kazakhstan
Melbourne,Amsterdam,Netherlands
Melbourne,Anchorage,USA
Melbourne,Ankara,Turkey
Melbourne,Apia,Western Samoa
Melbourne,Astana,Kazakhstan
Melbourne,Athens,Greece
Melbourne,Atlanta,USA
Melbourne,Auckland,New Zealand
Melbourne,Bahrain,Bahrain
Melbourne,Baku,Azerbaijan
Melbourne,Bandar Seri Begawan,Brunei
Melbourne,Bangkok,Thailand
Melbourne,Beijing,China
Melbourne,Belgrade,Yugoslavia
Melbourne,Bombay,India
Melbourne,Boston,USA
Melbourne,Buenos Aires,Argentina
Melbourne,Can Tho,Vietnam
Melbourne,Cebu,Philippines
Melbourne,Changchun,China
Melbourne,Changsha,China
Melbourne,Chengdu,China
Melbourne,Chicago,USA
Melbourne,Chongqing,China
Melbourne,Christchurch,New Zealand
Melbourne,Cincinnati,USA
Melbourne,Cleveland,USA
Melbourne,Colombo,Sri Lanka
Melbourne,Copenhagen,Denmark
Melbourne,DRESDEN,Germany
Melbourne,Da Nang,Vietnam
Melbourne,Dallas,USA
Melbourne,Denpasar,Indonesia
Melbourne,Denver,USA
Melbourne,Detroit,USA
Melbourne,Dili,East Timor
Melbourne,Doha,Qatar
Melbourne,Dubai,United Arab Emirates
Melbourne,Dunedin,New Zealand
Melbourne,Easter Island,Chile
Melbourne,Frankfurt,Germany
Melbourne,Fukuoka,Japan
Melbourne,Fuzhou,China
Melbourne,Gimhae,Korea
Melbourne,Glasgow,UK
Melbourne,Guam,Guam
Melbourne,Guangzhou,China
Melbourne,Guiyang,China
Melbourne,Haikou,China
Melbourne,Hamilton,New Zealand
Melbourne,Hangzhou,China
Melbourne,Hanoi,Vietnam
Melbourne,Harare,Zimbabwe
Melbourne,Ho Chi Minh City,Vietnam
Melbourne,Hohhot,China
Melbourne,Hong Kong,Hong Kong
Melbourne,Hong Kong,Hong Kong (SAR)
Melbourne,Honiara,Solomon Islands
Melbourne,Honolulu,USA
Melbourne,Houston,USA
Melbourne,Istanbul,Turkey
Melbourne,Jakarta,Indonesia
Melbourne,Johannesburg,South Africa
Melbourne,Karachi,Pakistan
Melbourne,Kota Kinabalu,Malaysia
Melbourne,Kuala Lumpur,Malaysia
Melbourne,Kuching,Malaysia
Melbourne,Lahore,Pakistan
Melbourne,Lanzhou,China
Melbourne,Larnaca,Cyprus
Melbourne,Ljubljana,Yugoslavia
Melbourne,Lombok,Indonesia
Melbourne,London,UK
Melbourne,Los Angeles,USA
Melbourne,Louisville,USA
Melbourne,Luxembourg,Luxembourg
Melbourne,Malta,Malta
Melbourne,Manchester,UK
Melbourne,Manila,Philippines
Melbourne,Mauritius,Mauritius
Melbourne,Medan,Indonesia
Melbourne,Memphis,USA
Melbourne,Miami,USA
Melbourne,Milan,Italy
Melbourne,Muscat,Oman
Melbourne,Nadi,Fiji
Melbourne,Nagoya,Japan
Melbourne,Nanjing,China
Melbourne,Nanning,China
Melbourne,Nauru,Nauru
Melbourne,New Delhi,India
Melbourne,New York,USA
Melbourne,Ningbo,China
Melbourne,Noumea,New Caledonia
Melbourne,Ontario,USA
Melbourne,Orlando,USA
Melbourne,Osaka,Japan
Melbourne,Oshkosk,USA
Melbourne,Pago Pago,American Samoa
Melbourne,Palmerston,New Zealand
Melbourne,Papeete,Tahiti
Melbourne,Paris,France
Melbourne,Penang,Malaysia
Melbourne,Phnom Penh,Cambodia
Melbourne,Phuket,Thailand
Melbourne,Port Moresby,Papua New Guinea
Melbourne,Port Vila,Vanuatu
Melbourne,Qingdao,China
Melbourne,Queenstown,New Zealand
Melbourne,Rarotonga,Cook Islands
Melbourne,Rome,Italy
Melbourne,San Francisco,USA
Melbourne,Santiago,Chile
Melbourne,Sapporo,Japan
Melbourne,Seoul,Korea
Melbourne,Shanghai,China
Melbourne,Sharjah,United Arab Emirates
Melbourne,Shenyang,China
Melbourne,Shenzhen,China
Melbourne,Shimkent,Kazakhstan
Melbourne,Singapore,Singapore
Melbourne,Surabaya,Indonesia
Melbourne,Suva,Fiji
Melbourne,Taipei,Taiwan
Melbourne,Taiyuan,China
Melbourne,Tianjin,China
Melbourne,Tokyo,Japan
Melbourne,Toledo,USA
Melbourne,Tongatapu,Tonga
Melbourne,Toronto,Canada
Melbourne,Van Don,Vietnam
Melbourne,Vancouver,Canada
Melbourne,Victoria,Canada
Melbourne,Vienna,Austria
Melbourne,Washington,USA
Melbourne,Wellington,New Zealand
Melbourne,Xi'an,China
Melbourne,Xiamen,China
Melbourne,Zagreb,Yugoslavia
Melbourne,Zhengzhou,China
Melbourne,Zurich,Switzerland
Newcastle,Auckland,New Zealand
Norfolk Island,Auckland,New Zealand
Norfolk Island,Christchurch,New Zealand
Perth,Abu Dhabi,United Arab Emirates
Perth,Amsterdam,Netherlands
Perth,Anchorage,USA
Perth,Athens,Greece
Perth,Atlanta,USA
Perth,Auckland,New Zealand
Perth,Bahrain,Bahrain
Perth,Bandar Seri Begawan,Brunei
Perth,Bangalore,India
Perth,Bangkok,Thailand
Perth,Batam,Indonesia
Perth,Beijing,China
Perth,Belgrade,Yugoslavia
Perth,Bombay,India
Perth,Buenos Aires,Argentina
Perth,Cape Town,South Africa
Perth,Chicago,USA
Perth,Christchurch,New Zealand
Perth,Copenhagen,Denmark
Perth,DRESDEN,Germany
Perth,Denpasar,Indonesia
Perth,Dili,East Timor
Perth,Doha,Qatar
Perth,Dubai,United Arab Emirates
Perth,Durban,South Africa
Perth,Frankfurt,Germany
Perth,Fukuoka,Japan
Perth,Glasgow,UK
Perth,Guangzhou,China
Perth,Harare,Zimbabwe
Perth,Ho Chi Minh City,Vietnam
Perth,Hohhot,China
Perth,Hong Kong,Hong Kong
Perth,Hong Kong,Hong Kong (SAR)
Perth,Honiara,Solomon Islands
Perth,Honolulu,USA
Perth,Istanbul,Turkey
Perth,Jakarta,Indonesia
Perth,Johannesburg,South Africa
Perth,Kota Kinabalu,Malaysia
Perth,Kuala Lumpur,Malaysia
Perth,Kuching,Malaysia
Perth,Larnaca,Cyprus
Perth,Lombok,Indonesia
Perth,London,UK
Perth,Los Angeles,USA
Perth,Malta,Malta
Perth,Manchester,UK
Perth,Manila,Philippines
Perth,Mauritius,Mauritius
Perth,Medan,Indonesia
Perth,Mombasa,Kenya
Perth,Muscat,Oman
Perth,Nadi,Fiji
Perth,Nagoya,Japan
Perth,New Delhi,India
Perth,New York,USA
Perth,Noumea,New Caledonia
Perth,Osaka,Japan
Perth,Palmerston,New Zealand
Perth,Papeete,Tahiti
Perth,Paris,France
Perth,Penang,Malaysia
Perth,Phuket,Thailand
Perth,Port Moresby,Papua New Guinea
Perth,Port Vila,Vanuatu
Perth,Qingdao,China
Perth,Queenstown,New Zealand
Perth,Rio de Janeiro,Brazil
Perth,Rome,Italy
Perth,San Francisco,USA
Perth,Santiago,Chile
Perth,Seoul,Korea
Perth,Shanghai,China
Perth,Singapore,Singapore
Perth,Surabaya,Indonesia
Perth,Suva,Fiji
Perth,Taipei,Taiwan
Perth,Tianjin,China
Perth,Tokyo,Japan
Perth,Toledo,USA
Perth,Toronto,Canada
Perth,Vancouver,Canada
Perth,Wellington,New Zealand
Perth,Xiamen,China
Perth,Zagreb,Yugoslavia
Perth,Zurich,Switzerland
Port Hedland,Denpasar,Indonesia
Port Hedland,Jakarta,Indonesia
Sunshine Coast,Auckland,New Zealand
Sydney,Abu Dhabi,United Arab Emirates
Sydney,Abuja,Nigeria
Sydney,Al Ain,United Arab Emirates
Sydney,Al-Fujairah,United Arab Emirates
Sydney,Almaty,Kazakhstan
Sydney,Amsterdam,Netherlands
Sydney,Anchorage,USA
Sydney,Ankara,Turkey
Sydney,Apia,Western Samoa
Sydney,Astana,Kazakhstan
Sydney,Athens,Greece
Sydney,Atlanta,USA
Sydney,Auckland,New Zealand
Sydney,Bahrain,Bahrain
Sydney,Bandar Seri Begawan,Brunei
Sydney,Bangalore,India
Sydney,Bangkok,Thailand
Sydney,Batam,Indonesia
Sydney,Beijing,China
Sydney,Beirut,Lebanon
Sydney,Belgrade,Yugoslavia
Sydney,Belo Horizonte,Brazil
Sydney,Bombay,India
Sydney,Boston,USA
Sydney,Brussels,Belgium
Sydney,Buenos Aires,Argentina
Sydney,Cairo,Egypt
Sydney,Calgary,Canada
Sydney,Can Tho,Vietnam
Sydney,Cape Town,South Africa
Sydney,Cebu,Philippines
Sydney,Changchun,China
Sydney,Changsha,China
Sydney,Chengdu,China
Sydney,Chicago,USA
Sydney,Chongqing,China
Sydney,Christchurch,New Zealand
Sydney,Cincinnati,USA
Sydney,Cleveland,USA
Sydney,Cologne,Germany
Sydney,Colombo,Sri Lanka
Sydney,Copenhagen,Denmark
Sydney,DRESDEN,Germany
Sydney,Da Nang,Vietnam
Sydney,Dallas,USA
Sydney,Denpasar,Indonesia
Sydney,Denver,USA
Sydney,Detroit,USA
Sydney,Dili,East Timor
Sydney,Doha,Qatar
Sydney,Dubai,United Arab Emirates
Sydney,Dunedin,New Zealand
Sydney,Durban,South Africa
Sydney,Easter Island,Chile
Sydney,Espiritu Santo,Vanuatu
Sydney,Fairbanks,USA
Sydney,Frankfurt,Germany
Sydney,Fukuoka,Japan
Sydney,Fuzhou,China
Sydney,Gaborone,Botswana
Sydney,General Santos,Philippines
Sydney,Glasgow,UK
Sydney,Guam,Guam
Sydney,Guangzhou,China
Sydney,Guiyang,China
Sydney,Haikou,China
Sydney,Hamilton,New Zealand
Sydney,Hangzhou,China
Sydney,Hanoi,Vietnam
Sydney,Harare,Zimbabwe
Sydney,Harbin,China
Sydney,Ho Chi Minh City,Vietnam
Sydney,Hohhot,China
Sydney,Hong Kong,Hong Kong
Sydney,Hong Kong,Hong Kong (SAR)
Sydney,Honiara,Solomon Islands
Sydney,Honolulu,USA
Sydney,Houston,USA
Sydney,Indianapolis,USA
Sydney,Istanbul,Turkey
Sydney,Jakarta,Indonesia
Sydney,Jeju,Korea
Sydney,Jinan,China
Sydney,Johannesburg,South Africa
Sydney,Karachi,Pakistan
Sydney,Kita Kyushu,Japan
Sydney,Kota Kinabalu,Malaysia
Sydney,Kuala Lumpur,Malaysia
Sydney,Kuching,Malaysia
Sydney,Kunming,China
Sydney,Lahore,Pakistan
Sydney,Lanzhou,China
Sydney,Larnaca,Cyprus
Sydney,Las Vegas,USA
Sydney,Lima,Peru
Sydney,Ljubljana,Yugoslavia
Sydney,London,UK
Sydney,Los Angeles,USA
Sydney,Louisville,USA
Sydney,Luxembourg,Luxembourg
Sydney,Luzon Island,Philippines
Sydney,Macau,Macau
Sydney,Malta,Malta
Sydney,Manchester,UK
Sydney,Manchester (US),USA
Sydney,Manila,Philippines
Sydney,Mauritius,Mauritius
Sydney,Medan,Indonesia
Sydney,Memphis,USA
Sydney,Miami,USA
Sydney,Milan,Italy
Sydney,Milwaukee,USA
Sydney,Montevideo,Uruguay
Sydney,Moscow,Russia
Sydney,Muscat,Oman
Sydney,Nadi,Fiji
Sydney,Nagoya,Japan
Sydney,Nanjing,China
Sydney,Nanning,China
Sydney,Nauru,Nauru
Sydney,New Delhi,India
Sydney,New York,USA
Sydney,Ningbo,China
Sydney,Niue,Niue
Sydney,Noumea,New Caledonia
Sydney,Ontario,USA
Sydney,Orlando,USA
Sydney,Osaka,Japan
Sydney,Oshkosk,USA
Sydney,Pago Pago,American Samoa
Sydney,Palmerston,New Zealand
Sydney,Papeete,Tahiti
Sydney,Paris,France
Sydney,Penang,Malaysia
Sydney,Phoenix,USA
Sydney,Phuket,Thailand
Sydney,Port Moresby,Papua New Guinea
Sydney,Port Vila,Vanuatu
Sydney,Qingdao,China
Sydney,Queenstown,New Zealand
Sydney,Rarotonga,Cook Islands
Sydney,Rio de Janeiro,Brazil
Sydney,Rome,Italy
Sydney,Rotorua,New Zealand
Sydney,San Diego,USA
Sydney,San Francisco,USA
Sydney,Santiago,Chile
Sydney,Sapporo,Japan
Sydney,Seattle,USA
Sydney,Seoul,Korea
Sydney,Shanghai,China
Sydney,Shannon,Ireland
Sydney,Sharjah,United Arab Emirates
Sydney,Shenyang,China
Sydney,Shenzhen,China
Sydney,Shimkent,Kazakhstan
Sydney,Singapore,Singapore
Sydney,St Denis de la Reunion,Reunion
Sydney,Subic Bay,Philippines
Sydney,Surabaya,Indonesia
Sydney,Suva,Fiji
Sydney,Taipei,Taiwan
Sydney,Taiyuan,China
Sydney,Tianjin,China
Sydney,Tokyo,Japan
Sydney,Toledo,USA
Sydney,Tongatapu,Tonga
Sydney,Toronto,Canada
Sydney,Van Don,Vietnam
Sydney,Vancouver,Canada
Sydney,Victoria,Canada
Sydney,Vienna,Austria
Sydney,Vientiane,Laos
Sydney,Wallis Island,Wallis Island
Sydney,Washington,USA
Sydney,Wellington,New Zealand
Sydney,Wuhan,China
Sydney,Xi'an,China
Sydney,Xiamen,China
Sydney,Zagreb,Yugoslavia
Sydney,Zhengzhou,China
Sydney,Zurich,Switzerland
Toowoomba Wellcamp,Hong Kong,Hong Kong (SAR)
Toowoomba Wellcamp,Singapore,Singapore
Townsville,Amsterdam,Netherlands
Townsville,Anchorage,USA
Townsville,Athens,Greece
Townsville,Auckland,New Zealand
Townsville,Bahrain,Bahrain
Townsville,Bangkok,Thailand
Townsville,Belgrade,Yugoslavia
Townsville,Bombay,India
Townsville,Chicago,USA
Townsville,Denpasar,Indonesia
Townsville,Frankfurt,Germany
Townsville,Hong Kong,Hong Kong
Townsville,Honolulu,USA
Townsville,Kuala Lumpur,Malaysia
Townsville,London,UK
Townsville,Los Angeles,USA
Townsville,Manchester,UK
Townsville,Manila,Philippines
Townsville,Nadi,Fiji
Townsville,New York,USA
Townsville,Port Moresby,Papua New Guinea
Townsville,Rome,Italy
Townsville,San Francisco,USA
Townsville,Shanghai,China
Townsville,Sharjah,United Arab Emirates
Townsville,Singapore,Singapore
Townsville,Wellington,New Zealand
Townsville,Zagreb,Yugoslavia
